count,keyword
1,slimvestmen
1,punkdre
11,chiffon dress
1,sprayer
2,sexy one piece bathing suit
6,mensjoggersuit
49,Pleated
1,womenshoessummer
6,sailboatshort
1,sexy brazilian bikinis
2,Ring
4,slingtop
2,summercocktaildres
1,casualshirtforwomen
1,sandaliasfeminina
3,halter top
2,sexy skirt
1,crochet bikini
1,bre
1,5pointspant
1,autumnblouse
7,spaghettistrapdresse
2,topandblouse
2,longshirtsforwomen
1,Jumpers
2,Mother
8,womens vest
40,Tops & Blouses
1,Platform
25,Evening Dress
2,colorblock
1,summerswimming
1,dragon fly
3,Nylon
1,sporty
2,tennisdres
1,lattice
6,gymwear
1,gymstighttshirt
4,long sleeve blouse
1,bedroomdoornet
9,punk
7,sportsset
2,swimmingpoolspraypad
2,Lolita
30,short sleeve dress
5,Pleated Skirt
1,carcover
1,Gray
2,espadrille
1,lovelydres
4,street style
1,daintyring
1,Corset Dress
10,tank top women
1,hairgrowthinhibitor
1,tshirtcasualtop
1,funnytank
2,Tub
1,ittakestwo
1,tearresistant
1,vintagestylewomendressfloralhighwaisteveningpartyslimlongswingdres
1,camisoletanktop
1,swimminglap
1,Girl
2,knot
1,Phone
11,sleevelessjumpsuit
2,wrap dress
1,Triangle Swimwear
1,beacwear
1,Adidas
1,spaghetti strap tank top
1,siliconedivingmask
1,shortsleevee
2,fitness top
6,bras for women
7,Bags
1,solidtank
1,solidtop
2,cottonblendjumpsuit
17,bohemia
1,lacepaneltanktop
2,midriff
3,Sexy Tshirt
1,jumpsuitshort
9,women long pants
162,slim
6,open toe
1,plussizepant
4,polka dot dress
1,slideslipper
1,trousersformen
9,Elegant Dress
9,Cartoons
4,pure
3,vesttank
24,Pullovers
1,Laptop
1,summershirtsformen
3,Grey
88,Swimsuit
5,momshirt
2,women's sleeveless tank
1,ladiesmessengerbag
1,basictop
1,black skull bikini
2,Gym
1,sleevelesstanktop
2,Sheath Dress
1,Smartphones
1,minishort
6,lace trim
2,plusszie
1,womensummerclothe
1,unisex clothing
2,slingdresse
2,short skirt skorts
1,fullmark
1,solidcolordres
1,Vintage swimwear
1,Sexy Wedding Dress
1,bowknotdres
1,pushuppaddedbra
8,summervest
1,womencausaltshirt
21,sundress
1,burgundy
3,Korean
1,avocado
2,sleevelessvest
1,Home & Garden
1,Jack Daniels
1,workoutampyoga
38,Funny
1,cargoshort
1,Shoulder Bags
1,fashionpantyhose
3,decoration
1,doorcurtain
1,trainingquickdryshort
3,shirtsforwomen
1,fluffydres
1,braceletset
1,bobo
1,3mreflective
1,printedjumpsuit
1,summerfamilyentertainmenttoy
1,women lingerie
3,Moon
1,womensfahison
1,womenbeahcwear
45,Women Vest
1,handkerchief
1,countrygirl
85,Swimwear
1,Cars
2,fashion brand
1,leopardprinted
41,Pure Color
1,openfork
1,showerroom
1,skulltanktopforwomen
1,ladiessleevelesstop
2,camouflagevest
5,dressforwomen
1,ladyswimsuit
1,Long sleeved
636,Plus Size
1,phonebag
1,barefootjewelry
2,Seats
1,dressforlady
14,beachpant
66,solid color
15,summer shirt
1,maternitydres
1,floralprintromper
1,strawbag
254,Necks
1,women hats
6,Harajuku
1,flatshoesforwoman
1,Lantern
7,vesttop
1,ruched bikini bottom
1,hightwaistpant
4,comfy
1,lacelingerieset
1,high waisted pants
2,Health
24,slim dress
29,bikini set
1,trackpant
1,purses
2,solidcolorshort
1,Durable
1,deepvneckvest
1,kerchief
1,fashionwomensdresseveningcocktaildresslongdressbandagesmlxl
1,men's dress shirt
10,clubwear
5,pajamassuit
1,vintagedresswomen
1,denimbibpant
1,straplesstanktop
1,blacklacetrim
1,tubecroptop
1,autumn and winter
2,High Waisted Bikini
1,goingout
1,Moisturizing Socks
5,fitnessvest
4,elasticwaistshort
1,shirtandshort
29,Outfits
2,corset top
8,women crop top
1,bellydancepant
1,femaletshirt
1,Cherry
1,workout top
1,halfsleeve
1,silmfit
1,bodyconwrapdres
6,women's pants
2,beachbag
1,tiedyeshirt
1,inflatablepool
1,retro style
2,women long dress
1,pyjamaswomen
1,maillot
3,Club Dress
4,spaghettishoulderstrapdre
1,collegegirlskirt
2,loosevest
2,korea
11,Tops & Tees
1,mentionhippant
27,Long pants
2,Midi Dresses
1,freddiemercury
1,uv
1,womensleepwearset
1,fashionwomensummershort
7,loose top
1,womans fashion
1,crew neck sweatshirts for women
20,Stripes
1,womenshirtset
1,crystalbikini
9,Home & Living
1,balloonsbirthday
2,Women Sandals
17,vestido
1,sexythongswimwear
1,bodyconromperjumpsuitclub
1,wrapjumpsuit
1,womendre
1,sport bra top
3,womens sexy tops
2,Monokini Swimsuits
1,yogateeshirt
11,T-Shirt womens
16,Women Pants
27,Running
7,womens clothes
1,retrotshirt
5,Cami
2,Geometric
1,blusasmujer
7,Womens Blouse
26,Denim
7,crochet
2,Women Party Dress
1,virsorcap
164,Mini
1,womenonepiece
3,Print Dresses
9,Short Sleeve Blouses
5,beach coverup
2,jogging suits for women
12,Strapless Dress
2,pantsforwomen
4,fashion dresses
3,pantsformen
1,bikinibeachwear
1,fitnessset
1,"2,piece dress sets"
2,donnahoney
1,summeroutfit
1,Ice
1,V Collar
2,gel nail polish
2,graphic tees women
2,Office
1,tshirtsfemme
1,bohoclothing
6,beachwear for women
25,Striped
1,casualsummersportsshort
1,beachvesttop
1,uniquedres
26,t
5,Cover Ups
1,waistcollection
1321,Summer
3,joggingpant
8,Tassels
3,flowerprint
13,Athletics
11,Sleepwear
9,jogging
1,Cake
1,fahsion
49,Yoga
1,Chic
1,Beds
8,twopieceoutfit
53,letter print
86,loose dress
12,Cool T-Shirts
1,Loafers
3,gothicshirt
2,Spike
2,Polo Shirts
2,Soft
4,harem
1,summerathleisure
1,Men's vest
1,summerwomentop
19,harem pants
1,floatseat
1,athleticshortsmen
2,slimfitdre
2,Draped
1,flipflopsandal
2,Hollow
1,Simple Style
1,sexy camisole
1,fashiondesign
1,sweetheartdres
1,laceuplingerie
1,fivepant
2,camouflagewomensdre
1,finger ring
1,sheer mesh top
2,velvet
9,pleated dress
1,lace tank top
1,sequinsnailgel
1,breathableunderwear
1,skort
1,southafrican
1,shorttshirt
5,Clothes for women
1,furslide
1,tiedyetshirt
3,sommerkleid
1,layeredpalazzopant
1,kurzehosen
2,Couple
61,summer t-shirts
1,antifoggoggle
2,floral shirt
16,shortsforwomen
4,flaresleeve
1,plussizeshortsforwomen
1,Waist Coat
1,strapless bikini
36,Cotton T Shirt
2,bikinis women
3,Children's Toys
1,flowerprinteddre
1,halfsleevedres
1,vestforwoman
212,Ladies
1,irregulardres
3,summerset
54,Ladies Fashion
5,women summer tops
1,rodeotank
1,Festival
1,fitnessshort
1,casual cap
1,mini dresses
1,young
5,Ladies Top
1,elasticband
5,Cocktail dresses
1,siamesetrouser
1,bodyconsundres
3,Flats
1,womenshortpan
1,magneticscreendoor
13,V Neckdress
13,casualshort
4,Men's Shirt
1,poloshirtmen
1,Bustier
2,Plus Size Swimwear
2,one piece bathing suit
1,printedwomensdre
1,bathing suit women
1,Cool Tees
1,mosquitoswatter
3,Bandages
1,momandkid
1,butterflytshirt
108,Floral print
1,sportcroptop
1,brasbraset
1,Racer back tank
1,solidbiker
1,Family
1,baseballcapforwomen
3,topsandtop
3,longcardigan
1,woman top
1,budsilkblouse
4,women tank
3,High Heel
1,vintagejean
1,menspersonalityfitnessvest
1,gymshortssportpant
1,croppedjean
6,high waisted
3,Off shoulder shirt
5,summerwear
1,a-line skirt
4,Women's Casual Tops
1,sexywomendre
1,cosmetic
29,Elegant
16,Printed T Shirts
2,women shirt Blouse
1,summeronepiece
5,Home
1,butterflymask
1,floatboat
296,Print
1,waterpump
1,pentacleprint
136,casual dress
7,"#top #crop"
34,Overalls
54,Sexy Dress
281,Shirt
1,pantssuit
1,summerlongskirt
1,strappy bikini
1,Wedding
1,irregualshirt
47,Fitness
1,blusa
1,Home D√©cor
1,insectzapper
1,girlsbowknotbikini
1,wideleg
7,bubble
1,sunmmertshirt
1,fashionswimsuitswimwearbathingsuit
2,beach shoes
12,Men Shorts
1,bohemiandresse
4,wedding dress
2,shirts for men
1,uvlampgel
1,plussizevest
1,abito
2,SEXY CROP TOP
1,tankcroptop
1,summerbeachbikini
2,Formal Dress
14,Cotton Shirt
5,lace shirts
2,topsforwoman
39,Floral dress
1,fluffyskirt
44,Men
1,blackpant
18,Women Rompers
2,hightwaistdres
3,two piece bathing suit
13,robefemme
1,flare
2,triangle bikini swimwear
5,tracksuitsforwomen
1,Big size
1,ribbed
1,Garden Decor
8,Toy
2,blousedre
1,stripedres
7,Gifts
4,tee shirt women
2,pencil
2,bandagebra
1,Dress Shirt
1,"#fashion #shorts"
1,basicdres
1,summershortsleevetshirt
1,skullshirt
1,solidcolordre
1,bodyconset
2,Stitching
324,Beach
2,girl bra
2,crossstrap
1,gardenponddecor
3,womenshortspant
1,vestidoderenda
1,short sleeved tshirt
1,mattetopcoat
1,skeletonvest
2,pocketsdres
14,knee
1,Skateboard
1,ruchedtanktop
2,women's wear
1,pantsshort
1,matching
1,antimosquitonet
2,deepneck
1,bowtop
2,lacesummer
7,Cotton Vest
1,totemprint
1,buttlifting
9,Love
1,trendshirtwomen
1,Plaid Dress
1,freshsummer
1,Sheer
2,Baby
5,yoga leggings
4,surfshort
1,swimming pool supplies
2,Workout tanktop
1,camouflagepant
51,maxi dress
1,flowerlacedre
1,casualsuspendertop
1,Cocktail Party Dress
1,90sfashion
1,Lingerie Sets
1,mini dress sexy club wear
11,bohemian dress
1,kindne
1,Cloth
1,summercasualdres
1,camisoles for women
1,bohodressesforwoman
1,backlessblouse
20,fashion dress
1,datingdres
4,striped dress
1,beachsuitforwomen
3,Causal Dress
1,womensexy
1,cottonpant
2,pantalonfemme
1,uneck
1,bandage monokini
1,Penguin
1,causaltop
1,ballgowndre
1,midilength
2,Bracelet
1,3dprintedtshirt
10,lip
1,beachjumpsuit
1,printedbikini
2,SwimwearWomen
1,floralwomendres
8,women swimwear
2,Canvas
1,cute crop tops
1,long sleeve shirt women
1,women yoga pants
3,highwaistdres
1,freddiemercuryshirt
3,women sexy dress
61,Suits
1,womenpaddedbra
1,Military
1,polo men
1,hollowingout
1,outweartop
4,Indoor
1,multilayerchainnecklace
142,Women Fashion
1,swimming suit for women
1,sweatpad
11,yoga top
6,capripant
1,Fans
2,beach bikini
1,herrenpolotshirt
2,baggydres
1,tanktopdres
1,schoolskirt
29,graphic tee
5,Sports Pants
3,Splicing
1,womenhotshirt
1,chiffonesummertop
60,Deep V-Neck
5,pool
2,Padded Bra
1,Photography
1,croppedpant
21,padded
1,non-slip
1,ruchedtank
11,sleevelessblouse
1,menpoloshirt
1,tunicvesttopswomen
1,gasballoon
1,gradient
6,solid
2,ball gown
1,brassierefemme
4,Kawaii
1,wavepointdres
12,Swing dress
3,knitted
1,womengirlsummersexyprintedflowerdres
1,splitdresse
1,sexypleated
7,womemstop
2,Nail Polish
1,ridingpant
2,Street
1,womenbohemiandre
1,ruffletanktop
1,highwaisttop
1,darknavyskirt
4,Simple
41,Casual T-Shirt
1,tigershirt
1,long shirt
5,teeshirthomme
1,palazzopant
1,sexyoutfit
8,tankvest
2,menssummersuit
1,camouflageshortsformen
3,Slim T-shirt
3,solidcolorshirt
3,lipprint
185,beach dress
5,ruffled
5,butterflyprint
2,striped bikini
3,tiktok
4,Graphic T-Shirt
91,Bikini
1,longblouse
1,outdoorwatergamepad
1,Training
1,men shirt
1,fashion swimsuit
3,low cut
3,slimtop
6,wavepoint
3,lace blouse
1,looseshortdres
1,lacebrallette
1,coverupsbikini
1,trouserswomen
4,summer skirt
1,sheertop
4,Puma
4,skullprint
23,onepiece
2,Bodycon Dresses
2,poloshirtsformen
1,yogasuitset
1,Heels
2,boxer shorts
1,tanksforwomen
4,print shirt
1,womenminishort
7,loose shirt
1,bigcode
1,rompersshort
1,men's casual  shirt
2,ballonnen
16,Sandals
5,casualblouse
1,swimwear for men
1,painlessdepilation
1,electricbugswatter
1,shortskirtsdresse
1,casualtshirttop
7,strappant
6,Tankini Set
540,Shorts
21,summerpant
1,shortsdresse
3,coldshoulder
1,holejean
1,openworkpanel
1,dropcrotchpant
58,summer tops
1,poolfloatingpanel
7,sweat suit
1,velvetshort
1,sexy leggings
1,plussizetanktop
4,letterprinted
3,package hip dress
3,black dress
3,femmerobe
1,summertool
1,midcalfdre
1,flamingotshirt
2,homeampliving
5,bigswing
4,summer bikini
1,bikinibeachcoverup
12,Collar
1,highcollartop
7,tiedyeprint
1,Backs
1,pantsplussize
5,High Waist Pants
1,Watersports
2,wedgessandal
10,athleticshort
1,longtop
1,basecoat
1,basicvestido
1,womenbeachblouse
1,plus size jeans
1,teen
2,women sport suit
1,puppyhat
38,chiffon
4,Lace Bikini
56,women top
3,Sport Tops
1,casualshirtformen
2,contrastcolor
2,kaftandresse
33,Pocket
1,countrymusicshirt
3,openfront
1,Sterling
2,moonphase
1,fur
1,sweatabsorbent
2,beachcoat
32,bathing suit
1,socksamphosiery
2,strappytop
1,turbanheadband
3,spaghettishoulderstrapdres
1,Outdoor Sports
15,womens top
1,sexyblouseforwomen
4,3D T-shirt
1,dresswithpocket
5,cardigan
1,flowytanktop
1,camisolestanktop
1,halterlacebralette
9,Lines
2,permanent
5,gothic
1,soliddre
2,Boat
1,irregularhemdre
1,backless halter top
2,daisy
2,holidaydres
1,squarescarf
4,Triangles
1,womensummerswimwear
5,wrappedchest
1,women bags
53,women Jumpsuit
1,outdoorpool
32,women shorts
5,blouse women
107,Slim Fit
204,Loose
1,croptopandskirt
2,lotusprinted
1,caprisforwomen
1,bodyconblouse
1,Bikes
2,running skirt
9,Men's pants
2,Jerseys
1,shortsetsforwomen
2,casualwomendres
1,dressesforwomencasualsummer
2,Maxis
7,Balloon
2,short-s jeans
1,malebrief
7,Jewelry
1,tshirtsuit
10,sleeve dress
8,bandage bikini
6,bibpant
1,golden
6,Swing
1,sleveles
328,sexy
1,womensportoutfit
1,ninthpant
1,biking
1,pineappleflowerpattern
1,hellyhansen
1,softcomfortable
1,Silver Ring
2,depilatory
1,casualclothing
2,backless tank tops
1,printtop
1,diamondbikiniset
1,Brazilian Bikini bottom
1,pineappleshirtwomen
1,setsforwomen
1,mattress
1,nonslipslipper
1,diamondbikini
2,sport suit women
1,armpitguard
1,bunny
1,fearofgod
4,Two-Piece Suits
11,Inflatable
5,partydressesforwomen
26,halter dress
1,summerdresseswomen
1,roseprint
1,bohemiasandal
1,Basketball
104,backless
1,sleeves
1,one shoulder-bikini
1,faith
1,sleepweardre
3,Hair Band
2,Polyester
2,Electric
2,plus
1,plussizemaxidresse
5,trousersforwomen
2,beach5pant
1,lacedresswhite
1,bohemiansandal
1,haltertshirt
1,ellessepant
11,women swimsuit
4,bra top
3,Crewneck
1,teevest
1,Sofas
2,cotton crop top
1,flyswatter
2,leggingsamptight
1,Fountain
1,pastoralstyle
73,Spaghetti Strap
3,jeansforwomen
1,demin
1,shoulderdrape
13,summerjumpsuit
1,vorhang
2,short-sleeved shirt
1,denimjumpsuit
1,skinnylegging
3,Sandals & Flip Flops
9,loosejumpsuit
2,gradientcolor
1,lounge
1,waterballoon
1,Brand
1,breathablesportshoe
1,digitalprintingvesttop
1,maxi summer dresses
4,Music
2,prom dresses
2,antislip
4,knit
2,Cotton Socks
1,beachphonecase
1,shortsection
2,slim fit shirt
4,swim suit cover up
1,brassiere
1,unicorn
3,long sleeve t shirt
1,ellessedressforwomen
1,inflatablesofa
1,ladyswimwear
2,sandalswomen
2,Fashion Skirts
4,pencil pants
1,sunhatfordog
2,Knickers
1,Stickers
1,Swim Shorts
2,A-line
8,Breathable
1,bamboobag
8,Sunflowers
5,Hip Hop
1,topsforwomenkleiderdamen
1,graphicprint
2,DIAMOND
1,colorgel
6,women clothes
2,camouflageprint
1,midcalf
84,Swimming
1,magicbubbleball
22,Holiday
2,sexy Women's Fashion
1,loosetee
1,swimwearwomen2017
1,sheerlacebra
10,loosepant
1,pleatedhem
1,buttonup
2,chiffontshirt
1,kleiderdamen
1,trousersampshort
5,irregulardre
1,Charming
1,Seal
1,yoga2pcsset
1,solidblouse
1,womensjumpsuitsromper
1,Tankini Swimsuits
1,sleevelessvestmen
1,Belly
1,harlonpant
1,sportampentertainment
5,Head
1,contrastcolordres
4,sandals for women
2,national
1,sport2set
2,drawstringpant
1,juicewrld
3,Girls Dresses
2,bandage swimsuit
7,high waist bikini
1,swimsuitscoverup
1,summerbeach
2,unisex
1,fitnessvestmen
1,printbikini
3,women casual dress
1,personalizedvest
2,kimonosforwomen
1,women's plus size fashion
1,tshirts for women
1,pulloverdres
1,printingdres
1,vacationdre
4,Waterproof
1,fauxpant
1,plaid shirt
29,Women S Clothing
7,Bikini swimwear
2,cottonmask
2,basicdressboho
1,playtoy
1,crisscrossbackdre
174,Floral
1,Massage
5,vneckshirt
2,bohoheadband
1,saialonga
1,sexy sleepwear dress
1,camisamen
1,womencottondres
1,invisiblesock
4,Swimming suit
2,womensleevelessdres
2,tiktoktshirt
1,longfleece
1,biker
1,swimmingfacemask
1,casualsandal
1,vestforwomen
3,night dress
2,Baseball Cap
1,high waist skirt
2,fit
1,ladiesdresse
1,elasticblouse
21,butterfly
1,legging fitness
1,patchworkdres
1,daydre
12,sleeve v-neck
2,long_maxi_dress
1,bodyslimmingcincher
18,ruffle
1,puppy
3,maxi skirt
1,Hiking
1,meshshirt
1,christianshirt
1,cheap tankini swimwear
1,lipsprint
1,springskirt
1,comfyshirt
25,Outdoor
1,usbcooler
1,bowknottanktop
549,Dress
14,Sport Suits
1,frilled
1,leggingforwomen
1,lace crop top
3,Body Shapers
2,soakoffgel
1,topbra
2,pencil skirt
1,facial
14,t-shirt dress
580,sleeveless
3,quickdry
2,basictee
1,strappydres
17,zippers
1,irregularhem
24,white
1,swimmingshort
1,printjumpersuit
2,Fashion Suits
2,sportvest
7,minidressforwomen
4,shortssuit
4,cami top
1,Travel Accessories
1,ribbed crop top
1,caged bralette
1,Woman clothes
219,tank top
1,Button-Down Shirts
1,newsexyfulllongeveningdressbodyconsundressclubwearmaxibohodressessxl
1,midcalfdres
1,kawaiicute
1,sunshadecover
1,woman vest
1,Christian
2,Printed Tee
14,Two piece set
34,Cotton Dress
2,heandband
1,bohotshirt
1,waterfloatingpump
5,twopiecesset
9,2pieceset
1,womenpajamasset
1,jeggingsforwomen
1,cottonshortsleeve
10,short skirt
1,windowscreennet
1,obesity
2,Face Mask
1,cocktailskaterminidres
29,casual dresses
1,yogaromper
1,Men's Sandals
1,gypsy
1,Thong
1,inflation
4,candy
3,New arrival
5,scarf
6,drawstringshort
3,womenshortsleevedre
2,hotcasual
961,Women
2,backlessbeachwear
1,Totes
2,jumpsuitsforwomen
6,bubbleball
22,fashion women
2,ruffle top
1,countrygirllegging
1,Women's Sweatsuit
1,Dog Supplies
2,plussizeshort
8,shaperwear
3,pocketdres
1,sexysummerdres
2,Rubber
1,Phone Accessories
4,blousetop
1,patiodecoration
7,Mens T Shirt
6,Cats
3,cool
1,kaftandres
7,jean shorts
5,Flip Flops
2,Nails
1,beachdrss
1,shortsock
170,Mini dress
109,Sport
1,womensundres
95,Short pants
2,hooded
3,beachvest
43,tunic
2,croptopandshortsset
1,Bathing
26,women t shirt
6,printed shirts
2,Nail Gel
4,largecottonandlinenwomenstrouser
1,shortsleevestee
4,34pant
2,casual wear
1,white crop top
1,fashion clothing
1,Pure Cotton
2,shortsleevesdre
9,leaf
1,slimfitpant
2,womenswimwearbikini
1,romperswomen
1,crochet halter top
1,blackwhitepink
9,suspenders
1,pleatedtop
1,headdress
3,loosedresse
1,summercasualfashionsexywomenprintbikinissetpushupbraswimsuitmidwaist
1,bohoskirt
1,blowing
1,coolingfan
1,printedpajamasset
1,Sexy women
12,Shoes
1,green dress
2,printtank
1,sexy tops for women
1,hollowoutbikini
1,Hobbies
1,Rose Gold Ring
201,blouse
5,asymmetrical dress
1,compressionshort
1,shorts feminino
2,Strapless Top
1,fashion girl
41,off shoulder
1,swim dress
1,skullprinted
1,suzuki
1,trainingcorset
3,cropped top
1,controlpantie
5,featherprint
54,Casual pants
3,leopard print
38,plus size dress
21,splits
16,o-neck
1,sportstop
2,Seamless
1,wear
1,hiplifting
1,heartprint
5,Tube top
4,printjumpsuit
1,sleevelesstopsforwomen
1,girltanktop
1,splice
1,"#Summer Clothes"
1,summerswimsuit
1,Maternity Dresses
8,mididre
1,pursesampwallet
1,runningshortsformen
4,casualjumpsuit
2,stretchshort
3,Wedge Sandals
4,prom dress
1,mosquitokiller
1,Equipment
2,Sweets
1,florallingerie
1,datetop
4,mensjoggingsuit
1,motherdaughtermatchingclothe
1,mamatshirt
1,club dresses
1,sumnerblouseforwomen
1,wavering
18,Panties
3,cottonlinenshirt
1,casualteeshirt
1,King
1,rugratsset
1,disposable
1,summerblouse
1,ropademujer
1,sportfan
1,34sleeve
30,Rompers
3,Accessories
905,Casual
1,inflatablebed
3,Men T-shirt
1,Shopping Bag
1,Skincare
3,bermudashort
1,longmaxiskirt
151,Sleeveless dress
2,ruffle crop top
7,Blouses & Shirts
68,trousers
1,pushupsuit
8,off shoulder dress
2,cheststrapvest
1,neckfansportable
79,Dresses
1,plaincolor
1,Household
3,fashion bikini
1,knee length
2,Navy
11,Fashion Accessory
2,Sweaters
1,skinny jeans
1,fullfacemask
6,two piece swimsuit
2,Garden
1,bigcat
1,rugratsprint
1,plaidchecked
2,ladies skort
10,slingdre
1,juicewrldshirt
1,dressshield
21,womens dresses
2,chiffonpant
1,furslipperswomen
23,short sleeve shirt
1,Formal Dresses
4,hair
1,womenonepiecebikini
1,hipplesoul
1,Decor
2,womencasualshort
1,cottonblouse
1,tankdres
1,leggings that look like jeans
74,Skirts
1,tiedyetank
1,joeexotic
13,lace top
3,casualvest
1,longtrouser
1,ciclismo
1,womenstraplessbra
43,Tops & T-Shirts
1,waterproofmat
2,backlessshirt
1,competitive
2,3dprinttshirt
1,pregnantshirt
1,dewshoulder
1,crochet top
1,camouflagetshirt
1,womenoverall
2,vneckcamisole
1,swimwea
1,statementring
1,hotrhinestone
5,slingvest
2,lace skirts
1,swimmingchair
1,baggydresseswomen
2,fashionwomencroptop
1,sportspantie
1,solidcolortop
1,womenbreathableshoe
16,Short Sleeve T-Shirt
4,wedge
11,high waist shorts
4,brazilian
1,nail art
1,denimjeansshort
1,transparentdres
2,kaftandre
1,Women's Bikini
38,cute
5,shortjumpsuit
2,shouldertop
2,lipsshirt
5,tanktopforwomen
1,sport legging
1,neckhangingfan
1,outdoorampcampingaccessorie
1,fashionvesttop
1,tennisskirt
1,swimmingmask
1,rugrat
15,retro
2,streetwear
1,Chinese
1,menspocketsshort
1,bikini suit
16,Plus size top
1,multicolorprinting
5,Women jeans
5,womens shirt
2,charmingdres
10,Vintage dress
4,Large Size
10,Hollow-out
1,nightwear
1,midsleevebeachblouse
1,divingequipment
3,sportsamprecreation
1,floralprintswimwear
2,linentop
1,taeeltshirt
1,skinngjean
1,casualsolidcolor
7,white dress
5,croppedtrouser
1,awordcollar
1,offshoulderbodycondres
1,hippietshirt
3,vogue
1,swimsuits for girls
1,womentee
1,sunshine
1,fitnesspantie
3,Jacket
1,Man t-shirts
1,fishermanshat
1,jegging
12,women beachwear
1,bohoshirt
3,tshirtforwomen
1,menscasulshort
1,String Bikini
1,beachsandal
2,henley
44,summer shorts
11,Short Sleeved
1,pleateddresse
1,summertrouser
1,icesilk
27,women dresses
1,long
4,camping
1,crossbandage
1,slingshirt
2,Picnic
1,womensummeroutfit
1,mandala
2,suspended
1,printedswimwear
14,Sexy Top
1,muscleshirt
1,Silicone
1,turtleneck
9,waistgirdle
1,luggagesticker
2,tasseldre
1,casualsleepwear
4,tank tops women
6,ladies dress
1,tops shirts for women
1,skullshirtwomen
3,bodycon top
22,Casual Tops
3,shirt women
1,beachcardigan
1,Travel
1,ruffledtop
1,summermensclothing
1,skeletonprint
3,strapdre
2,lacehollow
1,floral bikini
1,fashion bag
1,strappydre
1,romperswomenjumpsuit
1,casualshortswomen
1,beachshirt
1315,Women's Fashion
1,mensfitnesstshirt
1,2in1sportsjogging
2,Dogs
1,pyjama
1,nailuvgel
5,sexy tank top
1,camouflageshortsforwomen
1,sportytankini
11,chiffon blouse
86,high waist
1,swim trunk
1,divingmask
129,party
1,triangle bikini
1,tunictopforwomen
1,silksock
3,jogging suit
1,ÊºÅÂ∏´„ÅÆÂ∏ΩÂ≠?
1,bodysuitwomen
1,bedroom
6,fashion vest
9,Women Set
2,suntop
1,polkadottedbikini
1,Nightgown
12,blousesampshirt
1,frilledhem
1,sexyblousetop
1,punkshirt
1,summerbikiniset
2,slitpant
235,T Shirts
1,ocean
11,long skirt
1,Gold Ring
1,womenoutfit
5,silksleepwearnightgown
3,casual shoes
11,Patchwork
2,low cut top
1,sweatvest
1,summershortsformen
14,bohemian
1,nail gel set
1,lazyfan
2,padded bikini
2,gatherbracketbikini
1,summershortsforwomen
9,floralprinted
1,Doggie
3,onecktshirt
1,neckfancooler
1,halter tankini
1,asymmetricdres
7,Tee Shirt
3,beachwearbikini
1,doorscreennet
1,womenbikiniset
1,lacetrouser
21,Beach Shorts
1,swimsuit model
1,Solar
1,brallettesexy
1,"2,Piece Swimsuit"
7,skinnyshort
2,roupas femininas
1,navel
7,dress slim
1,womenfashionsummerbikinisset
1,patternedtop
1,militarycamo
6,Womens Shoes
1,tracksuitshort
19,dressesforwomen
1,Large
2,heightenedshoe
1,nootnoot
3,Above Knee dresses
1,powerpuffgirl
3,woman shirt summer
1,chaussurefamme
1,haltertank
3,sleeveless crop top
2,yogavest
1,women shoes
1,partyshirt
1,plus size bathing suits for women
1,Embroidery
1,summersportssuit
1,floraldresse
1,blousesforwomen
1,denimromper
7,sexy bathing suit
1,boatneckblouse
11,Sports Wear
1,buttondres
5,deep v neck top
3,Get
1,colorchangingshort
1,gauzenet
14,Two Pieces
1,fluffyshortskirt
6,sexy shirts
2,Short top
10,runningshort
4,princess dress
1,candycolorsock
36,black
5,pajamasforwomen
2,Baseball
1,summersuit
1,saty
2,capri leggings
1,Necklace
1,sleevelessshort
1,rompersjumpsuit
1,Angel
1,fathertshirt
1,rompersoverall
18,sexy bikini
1,rockandroll
1,angelprint
1,Visors
1,fauxjean
2,kimonocardigan
60,Elastic
2,mensfitnessshirt
1,jeggingsforwoman
2,plaincolordres
3,pink
2,Animal
9,shirt dress
4,cottontee
7,Colorful
1,fashionsundre
1,ankleinvisiblesock
1,halterlingerieset
1,beachwera
1,ankletchain
1,summerbathingsuit
3,lovely
1,skirtsuit
2,animal print
5,sleevele
1,camisolevest
2,knitted crop top
1,faketwopiecesdres
19,Push up bikini
1,hollowoutlingerie
2,elasticshort
99,jumpsuit
6,Womens T Shirts
1,printingpajama
1,flyswatterelectric
32,Leggings
1,vneckjumpsuit
18,strap
1,Massage & Relaxation
1,foreign trade
3,lace bralette top
15,Slippers
5,sexy dresses
1,colorfultop
1,printmask
7,Coat
2,pocketskirt
1,plus size bikinis
1,Uniforms
1,womensportset
1,underarm
12,Corset
1,clothingampaccessorie
27,Jumpsuits & Rompers
2,springandsummer
1,printtanktop
8,V-neck Dresses
2,Active
1,pants women
1,Kit
1,ponytailhat
1,bodyconvest
3,mensummertshirt
2,baggypant
1,airball
6,Deep V-neck Dress
296,short sleeves
1,jeggingsjeansforwomen
1,studentsstyle
2,lace vest
189,Vest
26,Clothing
1,oversizedpant
1,letterprintedshirt
11,Women Skirts
6,european
2,bandeau top
1,slimmingwaistbelt
1,backlesstank
4,lace lingerie
1,widelegjumpsuit
6,Vacation
4,funnytee
2,jackdanielsprinttop
1,smallvest
1,Charm
2,tankini bathing suits
1,plussizeshirt
1,noshowamplinersock
33,Bras
2,pant womens summer
13,bodycon
1,pregnant
1,waveprintdres
1,saiaplissada
1,hollowouttanktop
1,bandanna
1,summerwomenladysleevelesschiffonflouncinglongsundressdressmaxidressloosedlongdres
1,Off shoulder tops for women
1,christiantshirt
1,neckfan
4,Ankle
5,fashion top
8,Loose tank tops
3,Slim  Fitting
1,balckandwhite
1,Bikini Cover-Up
1,evening gown
1,mermaid
1,sexyandbeautifulstyle
1,sexyshortdresse
1,plussizetshirt
1,divingsnorkel
8,looseblouse
11,Underwear
1,lacebra
1,schoolgirl
1,Canvas Shoes
1,kleider
1,sanskrit
1,Motorcycle
1,casualloosedres
1,inflatablefloatchair
1,gradualchange
2,slimfittop
1,menssportspant
2,jumsuitsforwomen
3,Graffiti
1,sexy tankini
1,lipshirt
1,pawprinttshirt
1,solidcolordresse
2,fish
2,bralette top
1,packagehip
1,fashion shirt
4,offshoulderjumpsuit
1,leafprint
1,Bathing Suits For Women
2,toppant
2,Sportwear women
8,yoga pants
5,Womens swimwear
1,mensummerjean
1,carolebaskin
2,bohostyle
1,swimmingbottom
18,Bikinis Set
13,tunic top
1,Cotton Mens Shirts
1,lettersprinted
1,Braids
1,sunflowerbathingsuit
1,workoutshortsformen
1,womenshortpant
5,pajamassleepwear
1,slimtank
5,sexy pajamas for womens
1,backlessromper
1,essential
10,womens tank tops
1,mattegel
1,Women Sleeveless Top
9,One Piece Swimsuits
2,elasticlegging
1,womensporttracksuit
1,Sneakers
4,punk style
2,tes
26,Long Sleeve
1,beach volleyball swimwear
1,outdoorslipper
1,Push-Up
1,ultrathinbra
1,scallopedtrimtop
1,backbowknotvest
1,graffitisticker
29,button
1,comfortableshirt
3,blusasfeminina
1,beachsundres
1,transparentblouse
1,womenbra
1,chiffiondres
1,Undershirts
4,Food
1,Furniture
1,gold
1,beachlooseshort
3,woven
1,poloshirtherren
2,longloosedres
1,tigerking
1,asymmetricalhem
3,spaghettistrapdres
4,looseshort
3,skeletonprinted
1,slitdres
1,camissole
2,offtheshoulder
1,Coffee
13,widelegpant
4,Sexy Swimwear
3,Bat
2,Leisure
1,oldschool
7,Womens shorts
2,loosecasualsweatpant
4,womens jeans
2,UV Gel
5,tunicsforwomen
2,floralprintdres
45,Spring
1,solidcolorshortpant
4,One-Piece Suits
8,gymshort
1,takeashower
1,antimosquitofly
1,burgundyskirt
2,Tennis
1,poolaccessorie
2,isolation
1,minifan
2,yogasuit
1,doghat
2,stretch
1,School
1,waterball
1,sandaliasmujer
1,womensexytanktop
1,floraltop
1,sexyplussizetankini
1,croptoptshirt
1,bikinsuit
2,strand
1,bohemian maxi dress
3,Swimsuit Cover
35,Jeans
10,shortsleeveset
3,evening party dress
10,Army
1,spaghettistrapjumpsuit
1,kaftan
1,Computers
241,V-neck
1,seenyousoon
1,motherdaughterdresse
6,Sports & Outdoors
2,sexy monokini
1,Sport & Outdoor
1,cowlnecktank
1,Muscle
4,rompersforwomen
2,shortshirt
1,giftformen
7,womensfahsion
2,roundneckdres
1,high waisted bathing suits
1,bcklessvest
2,Exercise & Fitness
11,strappy
1,ropa
1,flora
3,A line dress
1,sexytshrit
8,summersuitset
3,Fashion tank top
12,women's dress
1,palysuit
2,slippers women
1,Casual sweater
2,fluffy
1,wolfprint
1,causaljean
1,gifts for dad
1,black crop top
2,Irregular
1,summersportsvest
1,backlesssiamese
2,sexy shirts for women
1,dailyclothe
1,womensummersexybacklessbikini
1,paddle
1,skateboardsticker
2,womens bralette
1,cartoon t shirt
4,push up bra
3,animalprotectiontshirt
2,silver
1,maxide
1,longshirtdres
1,sequin top
507,Tops
1,Polyester Shirt
1,tasselbikini
1,tasselslingerie
1,Deer
4,Bikinis For Women
2,shortromper
1,vestcasual
1,inflatablelounger
3,funnytop
197,pants
1,anticellulite
1,irregualr
1,gothstyle
2,Winter
1,lacebralette
5,runningset
4,low
3,twopiecesoutfit
1,cropped
1,coupletshirt
86,boho
1,hotshaper
2,track suit
1,hammock
10,belt
1,Neckline
1,Tech & Gadgets
120,Party Dress
2,Handbags
1,women halter tops
2,Tees & T-Shirts
1,baggykaftandresse
1,baggydre
4,American
1,slimmingcream
1,bodyconsummerdres
1,vintagetop
1,perspirationpad
1,Skirts women
3,summercardigan
4,splitdre
3,BikiniWomen
5,runningpant
5,sundressesforwomen
1,silk dress
32,camisole
4,beachdresse
1,dogcap
11,Sling
1,thevampirediarie
1,Women Leggings
3,Plus Size Fashions
1,theweststyle
1,sextop
4,Men Tops
2,bowknot
1,pushupswimsuittop
2,Soft and comfortable
1,usbfan
10,Design
14,Green
5,monokini
1,furryslipper
1,floral skirt
4,sleevelessdresse
1,summertank
9,women bathing suit
1,pushupbikiniset
2,Cushions
1,summerswimwear
2,strangerthing
1,plus size hippie dresses
2,Handmade
1,fashiontee
1,tracksuitpant
7,drawstring
2,Dark
29,Party Dresses
300,Sleeve
1,cheeky bikini bottom
1,candycolordres
7,Socks
5,casualdressesforwomen
16,men's shorts
3,long sleeve shirt
1,sknnyshort
6,Tanktops for women
1,surferring
1,slashneckjumpsuit
8,Women's Jumpsuits
1,butterflydre
1,tattoo
1,wateringchildrenstoy
4,Printing t shirt
3,cuteshirt
1,plussizeskirt
1,mentracksuit
1,2014menshort
1,pregnancyshirt
1,nail kit
3,Dinosaur
1,cool shirts
3,Trousers & Shorts
1,lanternsleeve
1,fashionsweetladybeautywomenbikinisexyswimwear
4,slingdres
1,portablefan
4,funnyshirt
1,casualtwopiece
2,falda
2,princessprom
2,haltershirt
22,Wool
1,basic
16,yogashort
2,head scarf
4,bathing suit cover ups
3,sleeve lace
1,singleshoulder
1,Cycling
6,Cami Tank Tops
1,blacktshirt
1,plus size dresses
1,Hoodies
2,2018fashion
24,strapless
1,air conditioner
2,Beach slippers
4,bandage top
2,sandybeach
1,fulllengthdre
7,floralprinteddre
3,Fashion Men
1,womenunderwearsuit
33,Polkas
1,camouflagenet
1,Pet Supplies
1,Exotic
2,vocation
2,womens  tank
3,off the shoulder top
1,bohemianjewelry
5,plaid
1,Storage
1,strappingshort
2,two piece dress
1,sportsampoutdoor
1,splitbohodre
1,beach wear women
3,plus size bathing suits
2,crops
1,fashionwomenmonkini
2,Home Decor
1,summershortswomen
1,highsplitdre
2,shortpantsforwomen
1,summercap
1,lowwaistunderwear
1,knee length dress
5,Red
1,loseweight
3,Game
10,sexy jumpsuit
32,short dress
2,plussizeclothe
1,wovenbag
1,picnicmat
14,Tunic dress
1,multilayerdropnecklace
5,Skeleton
1,Women's Bikini Swimwear
1,newskirt
1,electricswatter
1,solarfountain
17,women shirt
3,legs
2,womenmonokini
4,summer shoes
2,tacksuit
2,spaghettistraptshirt
1,camouflageshort
39,boho dress
1,chemisehomme
1,travelfan
1,Halterneck Top
1,cushionbed
2,sexyvest
3,Hair Accessories
1,letterprinttshirt
1,2piecebathingsuit
1082,Fashion
3,trending
45,topsamptshirt
21,Dyes
19,neck dress
11,feather
1,outdoormat
106,Spaghetti
5,Home & Kitchen
1,dressesforwomensummer
1,bikini2017
1,taschendamen
1,teetop
1,eye
1,interactive
1,shortjean
1,v neck crop top
1,Shirts & T-Shirts
1,sexy tank
1,black lace
2,the new
1,bandeau
4,bodycon jumpsuits
1,scrunch
1,menssolidcolorshort
1,armpitsweatpad
1,toolsgadget
1,Roman
2,anklesock
3,femalevest
1,mediasmujer
33,Lace Dress
11,beach swimwear
2,womendressshirt
2,Grunge
1,Star
1,handwoven
1,countrythunder
1,Bali
12,jumpsuitsampromper
10,Printing
1,Female
4,korean style
2,cowlbacktshirt
1,off the shoulder dress
49,Lace Up
1,caterpillar
1,slack
2,Cup
1,tinyring
1,jumpsuitromper
9,sportshort
2,vestdresse
1,butterflyprintskirt
1,swimmingpoolseat
1,Slimwaist
1,womenssexyshort
27,tops for women
1,facecover
2,Medium
6,Pajamas
2,Wings
10,off shoulder top
3,summercroptop
1,Printed Leggings
8,kids
1,gypsypant
1,candy color
5,women's pajamas
1,splicedre
2,offsholuder
51,Vintage
15,Maxi Dresses
2,Hunting
1,fitnesspant
10,topsamptee
1,nylonmat
1,hairremoval
13,Bodycon Dress
6,Bow
1,Women Cap
7,kimono
10,men's suits
4,wavepointdre
2,Girls Clothes
1,padded swimsuit
2,bikiniswimwearcoverup
2,Pants & Capris
1,WomenBikini
4,Head Bands
2,minidresselvendre
6,Beauty
174,women dress
3,shortsleevetop
1,mouth
5,spaghettistrapdre
22,Women Blouse
1,punkdres
212,summer dress
1,Arms
50,Men's Fashion
4,Masks
1,highwaispant
1,midwaist
1,deerhuntingprinted
8,printeddre
34,Flowers
4,Invisible
2,platformsandal
1,elasticskinnypant
1,middlewaist
1,cassualvest
5,sexydressesforwoman
265,Tank
5,sleevelesstshirt
4,slimpant
1,Box
1,basictshirt
5,beachsuit
2,athleticpant
2,Sports Bra
1,playsuitoutfitsclothing
1,sun protection swimwear
1,leafprinting
1,robesforwomen
4,cottonlinendre
1,humanskeletonprint
1,croptopsforgirl
1,blingblingdiamond
9,wasitcincher
2,baggyshort
1,sportwear
5,Sprays
2,usb
6,Graphic Shirt
4,bodybuildingshort
4,Crystal
2,fashionbrandsuit
1,t shirt printing
20,Denim Shorts
1,Plastic
1,New Fashion
3,"#fashion #tshirt"
1,stretchytop
1,ethnicstylenecklace
8,denimjeansdres
2,Long sleeve top
2,tshirtshort
1,USA flag
1,neckcroptop
1,2in1short
1,bodyshaperwomen
9,Chiffon Shirt
1,sexybacklessdres
1,tshirtcotton
1,sidesplitshirt
3,printedtop
1,bodyconclothe
6,sexyblouse
2,shortsformen
1,beachmat
2,baggy
1,Mats
1,Bucket Hats
5,gowns
2,summerampspring
2,Sunscreen
3,women's jogging suits
4,gaes
2,Spring/Autumn
1,Long Coat
1,bandage dress
1,Battery
7,Fun
10,Yellow
1,new2020
13,high waisted shorts
2,shoulder dress
31,elastic waist
5,Lingerie
1,doglovershirt
7,splitbikiniset
2,laceshort
5,cottontop
2,printvest
9,Funny T Shirt
3,sexyshort
1,butterfliesprint
1,skewneck
2,lace dresses
8,Hot pants
1,uniquetop
6,Shift Dress
3,Hats
1,case
1,Swim Wear Cover Up
2,Lotus
1,bangdagebikini
4,long dresses
26,camouflage
1,Bath
5,pajamaset
4,Goth
1,swimring
1,springdre
1,Shaving & Hair Removal
1,mensdrawstringshort
1,sexyswimwearset
1,babyswimfloatboat
1,crop tops fashion
34,polka dot
3,vintageshirt
1,Baby Girl
1,casualstyle
3,soildcolor
8,Round Collar
1,camisoleblouse
1,flaresleeveblouse
21,Robes
10,Classics
6,Rose
1,zippertop
5,silksleepwearforwomen
3,women summer dress
2,summersleeveelessdres
1,womenpalysuit
1,tshirtandshortsset
70,sleeveless tops
1,runningfitne
7,plussizejumpsuit
6,Bottoming shirt
1,PLAINCROP TOP
7,swimsuits for women
1,polohomme
4,halterneck
3,sexy bra
1,widetrouser
2,sandalendamen
2,sexy underwear
1,partyeveningcocktailskaterminidres
123,long dress
1,eveningcocktailskaterminidres
2,thinsock
2,casualmensshirt
5,women fashion shorts
1,patydresse
1,strapdres
2,rippedjean
1,divingsnorkeling
1,beachlacesleevelessdres
1,Fitted Dress
1,interaction
2,sportampoutdoor
1,simfit
4,woman fashion
1,Pretty
29,loose t-shirt
1,backlessswimsuit
7,Cover
1,tiedyeprinted
1,high waist swimsuit
1,Two Piece Swimwear
1,shaping
1,Board Shorts
15,summer tank top
2,34sleevedres
1,loungewearset
7,mini skirt
2,flamingo
1,sportset
1,beachblouse
2,sandalefemme
2,kanyewest
1,plus size monokini
1,Blanket
77,Halter
2,suits for women
2,Platform Shoes
9,slimming
6,print t-shirt
4,Cocktail Dress
4,Sweatshirts
1,elegantsplitskirt
1,Fishing
5,vest dress
1,girlsupplie
28,Bottom
6,Fashion Accessories
1,women fashion dress
1,skinny
173,Lace
1,Wolf
3,spaghetti strap top
1,combo
3,art
1,dressesforladie
2,tubetopdre
19,casual shirt
1,menfashionshort
4,beetshirt
1,tanktopshirt
1,womens workout tank tops
1,Cycling Clothing
2,Boxer
1,slidesforwomen
4,backless top
1,Outfits & Sets
12,playsuit
1,hangingneckfan
5,Denim pants
1,lace t shirt
1,Oversize
1,women chiffon shirt
1,magicbubble
1,mensshortpant
1,whiskeytshirt
1,Anklets
9,hippie
6,push up swimwear
1,sweatguardpad
1,slashneck
1,girlsshirt
1,fashiontunicdres
1,vtie
8,teesamptshirt
1,roundneckflared
2,sport pants
1,childrensballoon
2,Crossbody Bag
10,silk
3,overallsforwomen
3,one-shoulder
2,easy
2,knittop
1,Sequin
1,2piecesbikini
1,balloonsforparty
4,Workout
3,sweetheart
1,womenswimbottom
2,undersafetypant
1,Indoor Slippers
1,pin up
1,Birthday
1,straplessblouse
1,playsuitforwomen
14,backless dress
1,summersock
1,women39sfashion
4,Buckles
1,sporttshirt
4,Womens Swimsuit
8,Tee
1,Glasses
2,quickdryingshort
22,Tie Dye
1,womensummershort
1,summerjean
1,slimwaistshaperbelt
2,Golf
1,zippersleevelessvest
2,ellesse
4,Vintage Dresses
27,Clothes
2,summerwomenbikini
6,Beach Shorts Women
12,Causal
1,straighttrouser
3,Swimdresses
1,sleevehead
2,"#Sport Bra"
5,Children
1,children39stoy
1,slimmingshapewear
2,slippers for women
1,nude
1,gothic clothing
5,Leopard
18,sexy lace
3,strapless crop top
13,skull
1,jumpsuitsjean
1,socksamptight
1,athleticset
1,tunics women
1,topsforfemale
1,summersunsuit
49,Summer Fashion
25,Sleeveless Shirt
2,Cap
2,rainbow
1,Black Top
1,outside
1,Swimsuit  For Women
2,rippedshort
1,casualwomensjean
1,faithtshirt
1,Elephant
2,tunicdresse
2,one shoulder dress
1,womennightwear
1,bagbuckle
1,women track suit
1,runningjumpsuit
6,floralprinteddres
3,tacticalpant
1,geometricpattern
21,Women Clothing
1,Temperament
1,benchwomen
1,Bicycle
1,pushupswimtop
1,pullovershirt
1,cathat
1,T-Shirts polo sport men's
2,slimvest
1,simplebib
1,fashionbreathableshoe
216,Cotton
1,insulatedcooler
1,causalshirtwomen
2,summershortpant
1,midshort
1,croptopbra
2,Chair
1,menspoloshirtbrand
2,Chain
1,Lady
1,womensexybraset
2,sexy lingerie
1,sexydressforwomen
2,printedletterstop
2,men jeans
1,Bathroom
20,Cross
1,Rope
1,summerfashiontshirt
1,maixdre
3,sportsshort
1,sizesxxxl
3,mens Trousers
2,suspenderdres
1,Lens
23,print dress
1,midpant
1,fanscooling
1,bikini sexy
1,Owl
1,womenfashionclothing
1,long sleeve dress
1,beachblanket
1,tanktopcroptop
2,Bandage Dresses
1,elegantwomendre
2,womens shorts suit
130,Waist
70,summer dresses
1,wedgesshoeswomen
1,flowytop
2,European Style
139,Round neck
1,sunflowerprint
6,silksleepwear
235,printed
4,fitness leggings
1,chestzipper
22,Midi Dress
1,mensboardshort
1,shirtdressforwomen
1,Stamps
2,Rechargeable
2,Pets
2,Fitted
1,sexy lace tank top
1,Beading
1,ShortsMen
8,asymmetric
3,Tank&Sleeveless
1,leggingspant
1,menswimshort
1,floraldresseswomen
5,kleid
2,Chiffon top
1,vestidoscasualesdemujer
1,paddedfringetasselbikinibeachswimwear
1,loosejean
33,beach wear
1,brayogavest
2,buttontop
2,beachwearladie
1,beachewear
1,slim long
2,croptopsforwomen
1,bikiniblouse
3,tshirtandtop
3,slim shirts
1,chiffomdresse
6,summerdressesforwomen
2,safetypant
1,Bikini Lingerie
1,topbasegel
10,Tankinis
2,jumpsuitforwomen
1,insectnet
2,Mori Girl
1,mensswimtrunk
1,casualshortpant
51,crop top
1,Ankle Strap
6,fashion pants
1,Swimming Pools
1,Jogger
2,women's fashion T-shirt
1,Nightclub Tops
1,womenswimsit
11,water
1,minibag
2,Prom
18,women tank top
1,rippeddre
1,Maternity
1,sport tank top
1,Bib
8,minishirtdres
1,2014summermenshort
1,summerfashiontop
1,Tree
1,jeansshort
1,bohemiaalloynecklace
1,womanskirt
1,menbeachshort
1,polo hat
6,printeddres
13,rompers womens jumpsuit
4,Cargo pants
2,shortsleevesdres
1,camishort
4,Princess
2,punktshirt
1,cannabisleafprint
9,linenjumpsuit
9,slimmingcorset
1,bathingshort
1,waterproof bag
1,laceseamle
1,—à–æ—Ä—Ç—ã–º—É–∂—Å–∫–∏–µ
2,sun hat
2,summertee
1,halfsleevedre
1,sweatersformen
9,waist trainer
1,antislipsock
1,maternityshirt
2,Fox
1,Adjustable Baseball Cap
2,soliddresse
1,Door
3,damenkleid
2,loveprinttshirt
19,topsampblouse
1,Leggings for Women
2,armpit
4,beachtshirt
7,linen dress
1,Pouch
8,floral lace
10,Blues
1,hairrope
1,casualtrouser
2,3dprint
1,summer clothes for women
2,sleeve chiffon
2,sleevelessskirt
2,camouflagedre
1,Patio
11,Cocktail
9,Halter Bikini
4,short leggings
1,sweat pants
1,mensummerrunningshort
12,women trousers
1,stripetee
1,womanbra
1,skewshoulder
1,pregnancydres
1,deep-v
5,Body Suit
2,dandelionfloralprinted
1,waterproofphonebag
3,flat shoe
1,tankdre
3,sexy swimsuit
5,printedvest
1,splitswimsuit
1,doublelayer
3,outdoorsuit
1,spaghettistrapsdres
2,headbandsturban
1,casualtrunk
3,Polos
2,bodysuitsjumpsuit
1,vestido de festa
1,Health & Beauty
3,Heart
2,fashionshortsleeve
2,Rhinestone
1,romperoutfit
1,knitskirt
11,skinny pants
2,moonshirt
1,halterblousesforwomen
3,Set
1,denim leggings
1,coffeetshirt
1,underarmshield
1,Tiger
